Projeto,ID_US,ID_TC,ID_STD_TC
RCP,#2376,HWLL-18:[TC] Cadastrar usuário com sucesso,1
RCP,#2376,HWLL-20:[TC] Cancelar cadastro de usuário com sucesso,2
RCP,#2376,HWLL-21:[SPEC] Verificar duplicidade no cadastro de usuário,3
RCP,#2376,HWLL-28:[TC] Cadastrar usuário sem informar nenhum campo obrigatório,4
RCP,#2376,HWLL-29:[SPEC] Criar usuários utilizando diferentes perfis,5
RCP,#2376,HWLL-30:[SPEC] Validar comportamento do campo Confirmar Senha,34
RCP,#2376,HWLL-31:[SPEC] Validar comportamento do campo Matrícula,34
RCP,#2376,HWLL-32:[SPEC] Validar comportamento do campo Nome,34
RCP,#2376,HWLL-33:[SPEC] Validar comportamento do campo Função,34
RCP,#2376,HWLL-34:[SPEC] Validar comportamento do campo Senha,34
RCP,#2376,HWLL-35:[SPEC] Validar comportamento do campo Perfil,34
RCP,#2392,HWLL-36:[SPEC] Validar comportamento do campo Função,34
RCP,#2392,HWLL-37:[SPEC] Validar comportamento do campo Nome,34
RCP,#2392,HWLL-38:[SPEC] Validar comportamento do campo Matrícula,34
RCP,#2392,HWLL-39:[SPEC] Editar informações do usuário com sucesso,6
RCP,#2392,HWLL-40:[SPEC] Verificar duplicidade na edição de usuário,7
RCP,#2392,HWLL-41:[TC] Editar usuário deixando todos os campos de texto do formulário em branco,8
RCP,#2392,"HWLL-42:[TC] Verificar presença do botão ""Cancelar""",16
RCP,#2392,HWLL-43:[TC] Cancelar edição de usuário com sucesso,10
RCP,#2399,HWLL-14:[SPEC] Validações de dados,
RCP,#2399,HWLL-13:[TC] Verificar acessibilidade às páginas,11
RCP,#2399,HWLL-12:[TC] Excluir papel User,53
RCP,#2399,HWLL-11:[TC] Incluir papel User,52
RCP,#2399,HWLL-6:[TC] Incluir papel Admin,52
RCP,#2399,HWLL-7:[TC] Excluir papel Admin,53
RCP,#2399,HWLL-8:[TC] Verificar acessibilidade às páginas,11
RCP,#2399,HWLL-9:[SPEC] Validações de dados,
RCP,#2377,HWLL-22:[SPEC] Verificar acesso por Perfis,20
RCP,#2377,HWLL-49:[TC] Acessar tela de consulta de OPS sem estar logado a aplicação,13
RCP,#2377,HWLL-50:[TC] Validar acesso de usuário inativado,24
RCP,#2377,HWLL-51:[TC] Listar todas as OPs com sucesso,15
RCP,#2377,HWLL-52:[TC] Validar nomenclatura das colunas listadas,16
RCP,#2377,HWLL-53:[TC] Validar resultado de consulta por OP's vazia,17
RCP,#2377,HWLL-54:[TC] Verificar redirecionamento a tela de login após time out,35
RCP,#2377,HWLL-55:[TC] Validar paginação,19
RCP,#2383,HWLL-56:[TC] Validar paginação,19
RCP,#2383,HWLL-57:[SPEC] Verificar acesso por Perfis,20
RCP,#2383,HWLL-58:[TC] Acessar tela de consulta de Consultar BOM sem estar logado a aplicação,13
RCP,#2383,HWLL-59:[TC] Validar acesso de usuário inativado,24
RCP,#2383,HWLL-60:[TC] Listar todas as Matérias-Primas com sucesso,15
RCP,#2383,HWLL-61:[TC] Validar nomenclatura das colunas listadas,16
RCP,#2383,HWLL-62:[TC] Validar resultado de consulta de Matéria-Prima vazia,17
RCP,#2383,HWLL-63:[TC] Verificar redirecionamento a tela de login após time out,35
RCP,#2383,HWLL-65:[SPEC] Verificar acesso por Perfis,20
RCP,#2383,HWLL-67:[TC] Validar acesso de usuário inativado,24
RCP,#2383,HWLL-71:[TC] Verificar redirecionamento a tela de login após time out,35
RCP,#2490,HWLL-64:[TC] Validar paginação,19
RCP,#2490,HWLL-66:[TC] Acessar tela Consultar produtos finais sem estar logado a aplicação,13
RCP,#2490,HWLL-68:[TC] Listar todas os produtos finais com sucesso,15
RCP,#2490,HWLL-69:[TC] Validar nomenclatura das colunas listadas,16
RCP,#2490,HWLL-70:[TC] Validar resultado de consulta de produtos finais,15
RCP,#2598-1,HWLL-72:[SPEC] Validar ações no campo Search em Ordens de Produção,34
RCP,#2383,HWLL-73:[SPEC] Validar ações no campo Search em BOM (matéria-prima),34
RCP,#2490,HWLL-74:[SPEC] Validar ações no campo Search em Produtos Finais,34
RCP,#3381,HWLL-75:[SPEC] Verificar acesso por Perfis,20
RCP,#3381,HWLL-76:[TC] Acessar tela de Detalhamento de OP's sem estar logado a aplicação,13
RCP,#3381,HWLL-77:[TC] Validar acesso de usuário inativado,24
RCP,#3381,HWLL-78:[TC] Verificar se todos os dados da OP estão sendo exibidos,22
RCP,#3381,HWLL-79:[TC] Verificar inserção de link em ordem de produção inexistente,23
RCP,#3381,HWLL-80:[TC] Verificar redirecionamento a tela de login após time out,35
RCP,#3390,HWLL-81:[SPEC] Verificar acesso por Perfis,20
RCP,#3390,HWLL-82:[TC] Acessar tela de consulta de matérias-primas sem estar logado a aplicação,13
RCP,#3390,HWLL-83:[TC] Validar acesso de usuário inativado,24
RCP,#3390,HWLL-84:[TC] Listar todas as Matérias-Primas com sucesso,15
RCP,#3390,HWLL-85:[TC] Validar resultado de consulta por matérias-primas vazia,17
RCP,#3390,HWLL-86:[TC] Verificar redirecionamento a tela de login após time out,35
RCP,#3390,HWLL-87:[TC] Validar paginação,19
RCP,#3390,HWLL-88:[TC] Validar nomenclatura das colunas listadas,16
RCP,#3392,HWLL-89:[SPEC] Verificar acesso por Perfis,20
RCP,#3392,HWLL-90:[TC] Acessar tela de consulta de matérias-primas sem estar logado a aplicação,13
RCP,#3392,HWLL-91:[TC] Validar acesso de usuário inativado,24
RCP,#3392,HWLL-92:[TC] Listar todos os Produtos Finais com sucesso,15
RCP,#3392,HWLL-93:[TC] Validar resultado de consulta por produtos finais vazia,17
RCP,#3392,HWLL-94:[TC] Verificar redirecionamento a tela de login após time out,35
RCP,#3392,HWLL-95:[TC] Validar paginação,19
RCP,#3392,HWLL-96:[TC] Validar nomenclatura das colunas listadas,16
RCP,#2379,HWLL-1:[TC] Validar redirecionamento para o login quando o usuário tenta navegar sem estar autenticado,13
RCP,#2379,HWLL-2:[SPEC] Validar se página é redirecionada ao colar link em outra aba do navegador,13
RCP,#2379,HWLL-3:[SPEC] Validar acesso de usuário Ativo e Inativo,24
RCP,#2379,HWLL-4:[SPEC] Validar campo Nome,25
RCP,#2379,HWLL-5:[SPEC] Validar campo Senha,25
SSPI,#2570-2,ENERSH-224:[TC] Editar tipo de problema deixando todos os campos de texto do formulário em branco,8
SSPI,#2570-2,ENERSH-225:[TC] Verificar duplicidade na edição de Máquinas,7
SSPI,#2570,ENERSH-226:[SPEC] Validar comportamento do campo Descrição,34
SSPI,#2570,ENERSH-227:[TC] Verificar presença do botão Cancelar,16
SSPI,#2570-2,ENERSH-228:[TC] Editar Máquina com sucesso,6
SSPI,#2570,ENERSH-229:[TC] Cancelar cadastro de Máquinas com sucesso,10
SSPI,#2570-4,ENERSH-230:[TC] Fechar tela de remoção antes de efetuar a ação de deletar,26
SSPI,#2570-4,ENERSH-231:[TC] Deletar Máquina com sucesso,12
SSPI,#2570-4,ENERSH-232:[TC] Cancelar a remoção de uma Máquina,27
SSPI,#2570-3,ENERSH-233:[Spec] Validar acesso a lista de Máquinas por perfis,20
SSPI,#2570-3,ENERSH-234:[TC] Paginar listagem de Máquinas ao atingir número máximo de linhas,19
SSPI,#2570,ENERSH-235:[TC] Verificar a presença do botão para criação de uma nova Máquina,16
SSPI,#2570-3,ENERSH-236:[TC] Verificar a presença de botões de edição para cada Máquina listada,16
SSPI,#2570-3,ENERSH-237:[TC] Verificar a presença de botões de exclusão para cada Máquina listada,16
SSPI,#2570-3,ENERSH-238:[TC] Tentar listar Máquina utilizando um usuário inativo,24
SSPI,#2570-3,ENERSH-239:[TC] Validar nomenclatura das colunas listadas,16
SSPI,#2570-3,ENERSH-240:[TC] Listar todas as Máquina com sucesso,15
SSPI,#2570-2,"ENERSH-241:[TC] Verificar presença do botão ""Cancelar""",16
SSPI,#2570-2,ENERSH-242:[SPEC] Validar comportamento do campo Descrição,34
SSPI,#2570,ENERSH-243:[SPEC] Validar controle de acesso para criação de nova Máquina,20
SSPI,#2570,ENERSH-244:[TC] Cadastrar Máquina com sucesso,1
SSPI,#2570,ENERSH-245:[TC] Verificar duplicidade no cadastro de um tipo de operação já registrado,3
SSPI,#2570,ENERSH-246:[TC] Cadastrar Máquina sem informar nenhum campo obrigatório,4
SSPI,#2570,ENERSH-247:[TC] Cancelar cadastro de Máquina com sucesso,2
SSPI,#2278,ENERSH-1:[TC] Validar redirecionamento a página de login em usuário não autenticado,13
SSPI,#2278,ENERSH-2:[SPEC] Validar se página é redirecionada ao colar link em outra aba do navegador,13
SSPI,#2278,ENERSH-3:[TC] Validar usuário sem preencher campo $Matricula,31
SSPI,#2278,ENERSH-4:[SPEC] Validar acesso de usuário Ativo e Inativo,33
SSPI,#2278,ENERSH-5:[SPEC] Validar campo $Matrícula,34
SSPI,#2278,ENERSH-6:[SPEC] Validar campo $Senha,34
SSPI,#2279,"ENERSH-82:[TC] Validar presença do botão ""Sair""",17
SSPI,#2279,ENERSH-7:[TC] Validar redirecionamento a página de login ao clicar no botão <Sair>,35
SSPI,#2279,ENERSH-8:[TC] Validar se sistema ainda ficará logado caso feche a sessão e abra novamente,36
SSPI,#2279,"ENERSH-9:[TC] Validar ação do clique no botão ""Sair"" na ausência de conexão com o servidor",37
SSPI,#2276,ENERSH-48:[TC] Cadastrar usuário com sucesso,1
SSPI,#2276,ENERSH-50:[TC] Cadastrar mais de um Administrador no sistema,38
SSPI,#2276,ENERSH-51:[TC] Cadastrar usuário informando senhas diferentes nos campos senha e confirmação,39
SSPI,#2276,ENERSH-53:[TC] Cadastrar usuário sem informar nenhum campo obrigatório,4
SSPI,#2276,ENERSH-55:[TC] Cadastrar Usuário deixando todos os campos do formulário sem preenchimento,4
SSPI,#2276,ENERSH-57:Verificar duplicidade de cadastro de Usuário,3
SSPI,#2276,ENERSH-58:[SPEC] Criar usuários utilizando diferentes perfis,5
SSPI,#2276,ENERSH-60:[TC] Cadastrar usuário sem registrar perfil,4
SSPI,#2275,ENERSH-32:[TC] Verificar ação do botão Excluir para um usuário listado e ativo,16
SSPI,#2275,ENERSH-31:[TC] Verificar ação do botão Adicionar para um usuário listado e ativo,16
SSPI,#2275,ENERSH-29:[TC] Verificar presença do botão Adicionar para um usuário listado e ativo,16
SSPI,#2275,ENERSH-28:[TC] Verificar presença do botão Excluir para um usuário listado e ativo,16
SSPI,#2275,ENERSH-22:[SPEC] Verificar acesso por Perfis,20
SSPI,#2275,ENERSH-23:[TC] Listar usuário inativo,15
SSPI,#2275,ENERSH-25:[TC] Verificar presença do botão Editar para um usuário listado e ativo,16
SSPI,#2275,ENERSH-30:[TC] Verificar ação do botão Editar para um usuário listado e ativo,16
SSPI,#2275,ENERSH-33:[TC] Validar ação de paginação,19
SSPI,#2275,ENERSH-34:[TC] Validar nomenclatura das colunas,16
SSPI,#2277,"ENERSH-81:[TC] Verificar layout do botão ""Editar"" para cada usuário cadastrado",16
SSPI,#2277,ENERSH-80:[TC] Cancelar edição de usuário com sucesso,10
SSPI,#2277,ENERSH-79:[TC] Tentar editar ID interno do usuário,7
SSPI,#2277,ENERSH-69:[SPEC] Editar informações do usuário com sucesso,6
SSPI,#2277,ENERSH-70:[TC] Verificar duplicidade de nome na edição de usuário,7
SSPI,#2277,ENERSH-71:[TC] Verificar duplicidade de matricula na edição de usuário,7
SSPI,#2277,ENERSH-72:[TC] Verificar duplicidade de perfil administrador na edição de usuário,38
SSPI,#2277,"ENERSH-73:[TC] Verificar presença do botão ""Cancelar""",16
SSPI,#2252,ENERSH-68:[TC] Validar acesso de usuário inativo,24
SSPI,#2252,ENERSH-66:[TC] Selecionar dois ou mais filtros para visualização das OPs,21
SSPI,#2252,ENERSH-65:[SPEC] Verificar filtro de visualização,21
SSPI,#2252,ENERSH-67:[SPEC] Verificar acesso por Perfis,20
SSPI,#2252,ENERSH-64:[TC] Fechar visualização da Ordens de Produção,
SSPI,#2252,ENERSH-63:[TC] Validar se todas as OPs disponíveis para planejamento são listadas,21
SSPI,#2252,ENERSH-62:[TC] Verificar presença do botão para expandir o sidebar de exibição das OPs,16
SSPI,#2589-2,ENERSH-90:[SPEC] Validar acesso a lista de tipos de problemas por perfis,20
SSPI,#2589-2,ENERSH-89:[TC] Paginar listagem de tipos de problemas ao atingir número máximo de linhas,19
SSPI,#2589-2,ENERSH-88:[TC] Verificar a presença do botão para criação de um novo tipo de problema,16
SSPI,#2589-2,ENERSH-87:[TC] Verificar a presença de botões de edição para cada tipo de problema listado,16
SSPI,#2589-2,ENERSH-86:[TC] Verificar a presença de botões de exclusão para cada tipo de problema listado,16
SSPI,#2589-2,ENERSH-85:[TC] Tentar listar Tipos de Problemas utilizando um usuário inativo,24
SSPI,#2589-2,ENERSH-83:[TC] Listar todos tipos de problemas com sucesso,15
SSPI,#2589-2,ENERSH-84:[TC] Validar nomenclatura das colunas listadas,16
SSPI,#2589-1,"ENERSH-98:[TC] Verificar presença do botão ""Cancelar""",16
SSPI,#2589-1,ENERSH-95:[SPEC] Validar controle de acesso para criação de novos tipos de problemas,20
SSPI,#2589-1,ENERSH-91:[TC] Cadastrar Tipos de Problemas com sucesso,1
SSPI,#2589-1,ENERSH-92:[TC] Verificar duplicidade no cadastro de um tipo de problema já registrado,3
SSPI,#2589-1,ENERSH-93:[TC] Cadastrar tipo de problema sem informar nenhum campo obrigatório,4
SSPI,#2589-1,ENERSH-97:[TC] Cancelar cadastro de Tipo de Problema com sucesso,2
SSPI,#2589-3,ENERSH-103:[TC] Editar tipo de problema deixando todos os campos de texto do formulário em branco,8
SSPI,#2589-3,ENERSH-108:[TC] Verificar duplicidade na edição do tipo de problema,7
SSPI,#2589-3,ENERSH-112:[TC] Verificar presença do botão Cancelar,16
SSPI,#2589-3,ENERSH-99:[TC] Editar Tipo do Problema com sucesso,6
SSPI,#2589-3,ENERSH-111:[TC] Cancelar edição de Tipo de Problema com sucesso,10
SSPI,#2589-4,ENERSH-124:[TC] Fechar tela de remoção antes de efetuar a ação de deletar,26
SSPI,#2589-4,ENERSH-123:[TC] Deletar tipo de problema com sucesso,12
SSPI,#2589-4,ENERSH-122:[TC] Cancelar a remoção de um tipo de problema,27
SSPI,#2598-3,ENERSH-212:[TC] Editar tipo de problema deixando todos os campos de texto do formulário em branco,8
SSPI,#2598-3,ENERSH-213:[TC] Verificar duplicidade na edição do tipo de problema,7
SSPI,#2598-3,ENERSH-215:[TC] Verificar presença do botão Cancelar,9
SSPI,#2598-3,ENERSH-216:[TC] Editar Tipo do Operação com sucesso,6
SSPI,#2598-3,ENERSH-217:[TC] Cancelar cadastro de Tipo de Operação com sucesso,10
SSPI,#2598-1,ENERSH-113:[Spec] Validar acesso a lista de tipos de operações por perfis,20
SSPI,#2598-1,ENERSH-114:[TC] Paginar listagem de tipos de operações ao atingir número máximo de linhas,19
SSPI,#2598-1,ENERSH-115:[TC] Verificar a presença do botão para criação de um novo tipo de operação,16
SSPI,#2598-1,ENERSH-116:[TC] Verificar a presença de botões de edição para cada tipo de operação listado,16
SSPI,#2598-1,ENERSH-117:[TC] Verificar a presença de botões de exclusão para cada tipo de operação listado,16
SSPI,#2598-1,ENERSH-118:[TC] Tentar listar Tipos de operações utilizando um usuário inativo,33
SSPI,#2598-1,ENERSH-119:[TC] Validar nomenclatura das colunas listadas,16
SSPI,#2598-1,ENERSH-120:[TC] Listar todos tipos de operações com sucesso,15
SSPI,#2598-2,"ENERSH-125:[TC] Verificar presença do botão ""Cancelar""",16
SSPI,#2598-2,ENERSH-127:[SPEC] Validar controle de acesso para criação de novos tipos de operações,20
SSPI,#2598-2,ENERSH-128:[TC] Cadastrar Tipos de operações com sucesso,1
SSPI,#2598-2,ENERSH-129:[TC] Verificar duplicidade no cadastro de um tipo de operação já registrado,3
SSPI,#2598-2,ENERSH-130:[TC] Cadastrar tipo de operação sem informar nenhum campo obrigatório,4
SSPI,#2598-2,ENERSH-131:[TC] Cancelar cadastro de Tipo de Operação com sucesso,2
SSPI,#2598-4,ENERSH-218:[TC] Fechar tela de remoção antes de efetuar a ação de deletar,26
SSPI,#2598-4,ENERSH-219:[TC] Deletar Tipo de Operação com sucesso,12
SSPI,#2598-4,ENERSH-220:[TC] Cancelar a remoção de um Tipo de Operação,27
VRE,#1804,Edit project with previously registered name,6
VRE,#1804,Login with known credentials,40
VRE,#1804,Create user with input validation,1
VRE,#1804,Associate organization with user,6
VRE,#1804,Edit user,6
VRE,#1804,Edit project with previously registered name,6
VRE,#1804,Ações do botão Voltar na tela de Histórico de Check-in (Administrador),34
VRE,#1804,Teste estático de arquivo de tradução (plataforma Android),41
VRE,#1806,Cancel deleting project,27
VRE,#1806,Filter project,21
VRE,#1806,Create organization with input validation,1
VRE,#1806,Cancel project variable creation,2
VRE,#1806,Cancel editing project variable,10
VRE,#1806,Ocultar e exibir colunas do formulário de Configuração de Rotas,16
VRE,#1806,Retirada do cartão SD durante execução do programa,
VRE,#1806,Validar ações do Administrador com GaMMa inoperante,20
VRE,#1806,Validar ações do Convidado com GaMMa inoperante,20
VRE,#1806,Cancel deleting organization,27
VRE,#1809,Edit user password with input validation,6
VRE,#1809,Cancel deleting project,27
VRE,#1809,Filter user with input validation,21
VRE,#1809,Edit organization with previously registered name,7
VRE,#1809,Filter organization,21
VRE,#1809,Edição de evento global considerando a opção de publicação para convidados e recepcionistas,
VRE,#1809,Edição de evento global considerando a opção de publicação para convidados e recepcionistas,
VRE,#1809,Edição de evento global considerando a opção de publicação para convidados e recepcionistas,
VRE,#1809,Exploratory Test: Functional for Events,
VRE,#1809,Exploratory Test: Functional for Events,
VRE,#1809,Exploratory Test: Fault Tolerance for Video Call (Remote),
VRE,#1809,Exploratory Test: Fault Tolerance for Video Call (Remote),
VRE,#1815,Filter project,21
VRE,#1815,Cancel disassociating organization from user through list actions,10
VRE,#1815,Create project with previously registered name,1
VRE,#1817,Clear all filters (filter project),21
VRE,#1817,Search organization with input validation,21
VRE,#1818,Filter project,21
VRE,#1818,Clear all filters (filter organization),
VRE,#1818,Clear all filters (filter organization),
VRE,#1818,Exploratory Test: Fault Tolerance for Diagnostics,
VRE,#1818,Exploratory Test: Fault Tolerance for Diagnostics,
VRE,#1818,Exploratory Test: Functional for Settings,
VRE,#1818,Exploratory Test: Functional for Settings,
Event Driven System for Business Services Integration,#242-3,"Editar usuário com campo ""E-mail"" vazio.",8
Event Driven System for Business Services Integration,#243,"Marcar convidados listados na pesquisa como ""convite enviado"" ""Event Driven System for Business Services Integration",21
Event Driven System for Business Services Integration,#282,Fechamento do programa antes da execução ser finalizada.,36
Event Driven System for Business Services Integration,#282,Limite de caracteres para o filtro Route_Desc,16
Event Driven System for Business Services Integration,#282,Exibição de filtros aplicados no arquivo exportado,16
Event Driven System for Business Services Integration,#273,Cancel disassociating user from organization through association list,10
Event Driven System for Business Services Integration,#273,Disassociate organization from user through association list,6
Event Driven System for Business Services Integration,#273,Create and View Project,1
Event Driven System for Business Services Integration,#273,Edit user,6
Event Driven System for Business Services Integration,#274,US11590 - Verificar informações exibidas na lista de pessoas,21
Event Driven System for Business Services Integration,#274,US11589 - Verificar as organizações exibidas,21
Event Driven System for Business Services Integration,#282,Limite de caracteres para os filtros,16
Event Driven System for Business Services Integration,#275,Cancel date picking for monthly and annual charts,10
Event Driven System for Business Services Integration,#275,Ocultar e exibir todas as colunas do formulário,16
Event Driven System for Business Services Integration,#292,US11516 - Verificar o tamanho máximo da foto,
Event Driven System for Business Services Integration,#291,US11516 - Verificar o tamanho máximo da foto,
Event Driven System for Business Services Integration,#253-1,Deselecionar convidados filtrados por status,16
Event Driven System for Business Services Integration,#253-2,"Criar ""Outros Links"" com nome já adicionado em outro link no mesmo evento específico.",3
Event Driven System for Business Services Integration,#253-3,Validar apresentação de detalhes no card de um app tipo Aplicativo sem versão.,16
Event Driven System for Business Services Integration,#253-1,Pesquisar administrador por nome.,17
Event Driven System for Business Services Integration,#253-3,Validar apresentação de detalhes no card de um app tipo Game sem versão,16
Event Driven System for Business Services Integration,#253-2,"Validações de campos durante a criação de ""Outros Links"" evento específico",34
Event Driven System for Business Services Integration,#253-4,Remover categoria adicionada na criação de evento,12
Event Driven System for Business Services Integration,#253-1,Filtrar convidados por dados profissionais,21
Event Driven System for Business Services Integration,#257,Cadastrar um plano de teste,1
Event Driven System for Business Services Integration,#257,Associar suítes ao plano de teste com alguns casos de testes iguais,6
Event Driven System for Business Services Integration,#264,Remover Configuração de Insumo com sucesso,12
Event Driven System for Business Services Integration,#264,Gráfico de Pessoas,
Event Driven System for Business Services Integration,#267,"Action the of ""Close"" button in all screens to Device SetUp",
Event Driven System for Business Services Integration,#268,Exibir Clientes Ativos,15
Event Driven System for Business Services Integration,#268,Gráfico de detalhe de Região,
Event Driven System for Business Services Integration,#263,Limite de caracteres para peso da Cola,34
Event Driven System for Business Services Integration,#263,Finalizar uso de Cola na Máquina de Cola com peso inválido,
Event Driven System for Business Services Integration,#263,"Validação da seção ""Participação em Eventos"" ""Event Driven System for Business Services Integration",
Event Driven System for Business Services Integration,#328,Reprodução e compartilhamento de áudio sem conexão com Internet,
Event Driven System for Business Services Integration,#328,Ações do menu quando sistema administrativo está indisponível durante transmissão de streaming,
Event Driven System for Business Services Integration,#328,Realizar Descarte de Pasta de Solda com sucesso através de QR Code do Engenheiro,
Event Driven System for Business Services Integration,#328,Verificar alteração do cliente ao realizar novo check-in,
Event Driven System for Business Services Integration,#328,Remover microfone do receptor durante transmissão [Desktop],
Event Driven System for Business Services Integration,#328,Explorar exibição de toasts de erro e modificações,42
Event Driven System for Business Services Integration,#328,Finalizar uso de Pasta de Solda na Máquina de Pasta de Solda com peso inválido,
Event Driven System for Business Services Integration,#328,Exportar tabela de Pasta de Solda,
Event Driven System for Business Services Integration,#328,Validar Log de Cola descartada,
Event Driven System for Business Services Integration,#328,Tempo de áudio após remoção de microfone,
Event Driven System for Business Services Integration,#253,Save and Continue for Critical Task - no critical files uploaded,
Event Driven System for Business Services Integration,#242,"Action of the ""top of page"" button on the ""Cover timeline"" screen",
Event Driven System for Business Services Integration,#242,"Scrolling action on the timeline on the ""Cover Timeline"" screen",
Event Driven System for Business Services Integration,#243,Filtrar auditoria por (Usuário) como Administrador de dispositivo no MDM Web,21
Event Driven System for Business Services Integration,#243,Verificar que ações realizadas por Super Usuário não são exibidas para Administrador de dispositivo no MDM Web,
Event Driven System for Business Services Integration,#243,Access a Skype meeting successfully.,
Event Driven System for Business Services Integration,#242-3,"Validate reset function in the field""Reset All Counters"" in device ""Transponder"" ""Event Driven System for Business Services Integration",6
Event Driven System for Business Services Integration,#3908,Limite de caracteres para os filtros,34
Event Driven System for Business Services Integration,#3908,Persistência das colunas ocultas de Rotas na sessão do navegador,
Event Driven System for Business Services Integration,#3908,Fechamento do programa antes da execução ser finalizada.,
Event Driven System for Business Services Integration,#3908,Reconfigurar Rede Ethernet após erros,
Event Driven System for Business Services Integration,#3908,Limite de caracteres para o filtro Route_Desc,34
Event Driven System for Business Services Integration,#3908,Exibição de filtros aplicados no arquivo exportado,21
Event Driven System for Business Services Integration,#260,Limite de caracteres para peso da Cola,34
Event Driven System for Business Services Integration,#260,Finalizar uso de Cola na Máquina de Cola com peso inválido,
Event Driven System for Business Services Integration,#260,"Validação da seção ""Participação em Eventos"" ""Event Driven System for Business Services Integration",
Event Driven System for Business Services Integration,#265,"Action the of ""Close"" button in all screens to Device SetUp",
Event Driven System for Business Services Integration,#266,Exibir Clientes Ativos,15
Event Driven System for Business Services Integration,#266,Gráfico de detalhe de Região,
Event Driven System for Business Services Integration,#282,Persistência das colunas ocultas de Rotas na sessão do navegador,
Event Driven System for Business Services Integration,#263,Imprimir intervalo completo de etiquetas com sucesso,
Event Driven System for Business Services Integration,#255,Exportar tabela de Pasta de Solda,
Event Driven System for Business Services Integration,#260,Imprimir intervalo completo de etiquetas com sucesso,
Game Marketing Manager,#997,Menu dashboard da aplicação (Garantir que as opções do menu dashboard estão sendo exibidas e que é possível clicar em cada opção e acessar sua página específica.),20
Game Marketing Manager,#997,Apresentação do menu principal,20
Game Marketing Manager,#997,Dashboard - Inspeção de compatibilidade,20
Game Marketing Manager,#997-1,"Validações do campo ""Name"" no form Edit Group",34
Game Marketing Manager,#997-2,Inspeção de usabilidade das ações do botão Fab nas telas de listagem de Configurações,16
Game Marketing Manager,#997-3,Inspeção de usabilidade das ações do botão Fab nas telas de listagem de Evento,16
Game Marketing Manager,#997-4,Permissões de usuários para Apps,20
Game Marketing Manager,#997-5,Permissões de usuários para Itens de Publicidade,20
Game Marketing Manager,#997-6,Permissões de usuários para Campanhas,20
Game Marketing Manager,#997-7,Permissões de usuários para Listagem de participantes,20
Game Marketing Manager,#997-8,Permissões de usuários para Jogadores,20
Game Marketing Manager,#997-9,Permissões de usuários para Push,20
Game Marketing Manager,#997-10,Permissões de usuários para Regiões,20
Game Marketing Manager,#997-11,Permissões de usuários para Grupos,20
Game Marketing Manager,#997-12,Permissões de usuários para Configurações,20
Game Marketing Manager,#997-13,Permissões de usuário para Usuários,20
Game Marketing Manager,#1006,"Add Server's datetime and API version to services' header (Validações do campo ""Name"" no form Edit Group)",34
Game Marketing Manager,#1028,Cadastrar eventos com sucesso,1
Game Marketing Manager,#1028,Cancelar cadastro de eventos com sucesso,2
Game Marketing Manager,#1028,Cadastrar eventos sem campos obrigatórios preenchidos,4
Game Marketing Manager,#1028,Verificar presença de campos na tela de inserção,16
Game Marketing Manager,#1028,Verificar comportamento máximo de 50 caracteres do campo nome,34
TVD II,#1611,TVD-18:[TC] Cadastrar usuário com sucesso,1
TVD II,#1611,TVD-44:[SPEC] Validar comportamento do campo Confirmar Senha,34
TVD II,#1611,TVD-42:[SPEC] Validar comportamento do campo Telefone,34
TVD II,#1611,TVD-20:[TC] Cancelar cadastro de usuário com sucesso,2
TVD II,#1611,TVD-24:[TC] Cadastrar usuário sem informar nenhum campo obrigatório,4
TVD II,#1611,TVD-29:[SPEC] Verificar duplicidade no cadastro de usuário,3
TVD II,#1611,TVD-32:[SPEC] Criar usuários utilizando diferentes perfis,5
TVD II,#1611,TVD-35:[SPEC] Validar comportamento do campo Nome,34
TVD II,#1611,TVD-37:[SPEC] Validar comportamento do campo Email,34
TVD II,#1611,TVD-38:[SPEC] Validar comportamento do campo Senha,25
TVD II,#1611,TVD-40:[SPEC] Validar comportamento do campo Perfil,34
TVD II,#1610,TVD-57:[TC] Fechar tela de inativação antes de efetuar a ação de desabilitar,26
TVD II,#1610,TVD-56:[TC] Cancelar a inativação de um usuário,10
TVD II,#1610,TVD-55:[TC] Inativar usuário com sucesso,9
TVD II,#1610-2,TVD-15:[TC] Verificar a presença do botão para criação de um novo usuário,16
TVD II,#1610-2,TVD-14:[TC] Verificar a presença de botões de inativação para cada usuário listado,16
TVD II,#1610-2,TVD-2:[TC] Validar nomenclatura das colunas listadas,16
TVD II,#1610-2,TVD-7:[TC] Listar todos os usuários com sucesso,15
TVD II,#1610-2,TVD-12:[TC] Tentar listar usuários utilizando um usuário inativo,24
TVD II,#1610-2,TVD-8:[SPEC] Validar acesso a lista de usuários por perfis,20
TVD II,#1610-2,TVD-13:[TC] Verificar a presença de botões de edição para cada usuário listado,16
TVD II,#1610-2,TVD-16:[TC] Paginar listagem de usuários ao atingir número máximo de linhas,19
TVD II,#1610-3,TVD-52:[SPEC] Validar comportamento do campo Telefone,34
TVD II,#1610-3,TVD-51:[SPEC] Validar comportamento do campo Nome,34
TVD II,#1610-3,TVD-50:[SPEC] Validar comportamento do campo Email,34
TVD II,#1610-3,TVD-46:[SPEC] Editar informações do usuário com sucesso,6
TVD II,#1610-3,TVD-47:[SPEC] Verificar duplicidade na edição de usuário,7
TVD II,#1610-3,TVD-49:[TC] Editar usuário deixando todos os campos de texto do formulário em branco,8
TVD II,#1610-3,TVD-53:[TC] Cancelar edição de usuário com sucesso,10
TVD II,#1610-3,"TVD-54:[TC] Verificar presença do botão ""Cancelar""",16
TVD II,#1612,TVD-58:[Spec] Buscar usuários,21
TVD II,#1612,TVD-59:[Spec] Validar acesso ao Search de usuários por perfis,20
TVD II,#1612,TVD-60:[TC] Tentar pesquisar usuários utilizando um usuário inativo,24
TVD II,#1612,TVD-61:[TC] Realizar pesquisa informando caracteres especiais,34
TVD II,#1612,TVD-62:[TC] Realizar pesquisa informando espaços em branco,34
TVD II,#1612,TVD-63:[TC] Pesquisar Usuários informando campo de pesquisa vazio,15
TVD II,#1612,TVD-64:[TC] Pesquisar por Usuário inexistente,17
TVD II,#1612,TVD-65:[TC] Pesquisar por Usuário inativados do sistema,21
TVD II,#1594,TVD-106:[TC] Validar redirecionamento para o login quando o usuário tenta navegar sem estar autenticado,13
TVD II,#1594,TVD-111:[SPEC] Validar se página é redirecionada ao colar link em outra aba do navegador,13
TVD II,#1594,TVD-201:[TC] Validar usuário informando um nome sem domínio de e-mail,34
TVD II,#1594,TVD-206:[SPEC] Validar usuário informando um e-mail,34
TVD II,#1594,TVD-219:[SPEC] Validar campo Login,34
TVD II,#1594,TVD-235:[SPEC] Validar campo Senha,34
TVD II,#1594,"TVD-238:[TC] Validar redirecionamento à página de login quando o usuário clicar no botão ""Sair""",35
TVD II,#1594,TVD-239:[TC] Validar se sistema ainda ficará logado caso feche a sessão e abra novamente,36
TVD II,#1594,"TVD-240:[TC] Validar ação do clique no botão ""Sair"" na ausência de conexão com o servidor",37
TVD II,#1604,TVD-3:[TC] Incluir dispositivo já existente no banco de dados,3
TVD II,#1604,TVD-4:[TC] Incluir dispositivo com sucesso,1
TVD II,#1604,TVD-5:[TC] Cadastrar dispositivos deixando todos os campos em branco,4
TVD II,#1604,"TVD-9:[TC] Verificar se existe ""TimeOut"" da sessão",18
TVD II,#1604,TVD-10:[TC] Validar adição de novo dispositivo junto ao Banco de Dados,1
TVD II,#1604,TVD-11:[SPEC] Verificar layout na tela para Cadastro de Dispositivo,16
TVD II,#1604,"TVD-17:[SPEC] Validar campo ""Nome""",34
TVD II,#1604,"TVD-48:[SPEC] Validar campo ""Descrição""",34
TVD II,#1602,TVD-45:[TC] Verificar se perfil de usuário não Administrador consegue Listar algum dispositivo,20
TVD II,#1602,TVD-78:[TC] Verificar se perfil de usuário Administrador consegue Listar algum dispositivo,20
TVD II,#1602,TVD-79:[SPEC] Validar cabeçalhos da tabela,16
TVD II,#1602,TVD-80:[TC] Validar comportamento dos botão Exclusão,34
TVD II,#1602,TVD-81:[TC] Validar comportamento dos botão Edição,34
TVD II,#1602,TVD-85:[TC] Validar paginação da tabela: 10 linhas,19
TVD II,#1602-2,TVD-27:[TC] Verificar layout da tela de confirmação da Exclusão,16
TVD II,#1602-2,TVD-28:[TC] Deletar dispositivo com sucesso,12
TVD II,#1602-2,TVD-30:[TC] Cancelar a remoção de um dispositivo,27
TVD II,#1602-2,TVD-31:[TC] Fechar tela de remoção antes de efetuar a ação de deletar,26
TVD II,#1602-2,TVD-33:[TC] Verificar se perfil de usuário não Administrador consegue Excluir algum dispositivo,20
TVD II,#1602-3,TVD-41:[TC] Verificar se perfil de usuário não Administrador consegue Editar algum dispositivo,20
TVD II,#1602-3,TVD-34:[TC] Cancelar a edição de um dispositivo,10
TVD II,#1602-3,TVD-36:[TC] Verificar clique fora do modal de edição,34
TVD II,#1602-3,TVD-43:[TC] Editar dispositivo deixando todos os campos de texto do formulário em branco,8
TVD II,#1602-3,TVD-67:[SPEC] Validar layout de campos do formulário modal Edição,16
TVD II,#1602-3,TVD-71:[SPEC] Validar campo Nome,34
TVD II,#1602-3,TVD-76:[SPEC] Validar campo Descrição,34
TVD II,#1603,TVD-88:[TC] Verificar nomenclatura do campo Pesquisa,16
TVD II,#1603,"TVD-89:[TC] Verificar se campo é ""case sensitive""",34
TVD II,#1603,TVD-90:[TC] Verificar quantidade máxima de caracteres campo Pesquisa,34
TVD II,#1603,TVD-91:[TC] Validar ação do botão da Lupa,34
TVD II,#1603,TVD-92:[TC] Validar ação ao digitar caracteres no campo Pesquisa com iniciais de dispositivo cadastrado,34
TVD II,#1603,TVD-94:[TC] Validar ação ao digitar caracteres no campo Pesquisa com iniciais de disp. NÃO cadastrados,34
TVD II,#1603,TVD-103:[TC] Validar se usuário Não Administrador consegue realizar pesquisa no campo Pesquisa,20
TVD II,#1613-1,TVD-86:[SPEC] Validar comportamento do campo Descrição,34
TVD II,#1613-1,TVD-84:[SPEC] Validar comportamento do campo Nome,34
TVD II,#1613-1,TVD-82:[SPEC] Validar acesso a criação de itens de avaliação por perfis,20
TVD II,#1613-1,TVD-70:[TC] Criar item de avaliação sem informar campos obrigatórios,4
TVD II,#1613-1,TVD-69:[TC] Criar item de avaliação com a mesma nomenclatura,3
TVD II,#1613-1,TVD-68:[TC] Criar item de avaliação com sucesso,1
TVD II,#1613-1,TVD-72:[TC] Cancelar criação de item de avaliação com sucesso,2
TVD II,#1613-1,TVD-73:[TC] Verificar clique fora da janela de criação,34
TVD II,#1613-1,TVD-75:[TC] Criar item de avaliação com o nome de um que tenha sido recentemente excluído,29
TVD II,#1613-1,TVD-83:[TC] Tentar criar item de avaliação utilizando um usuário inativo,24
TVD II,#1613-2,TVD-115:[TC] Cancelar a remoção de um Item de Avaliação,27
TVD II,#1613-2,TVD-77:[TC] Deletar Itens de Avaliação com sucesso,12
TVD II,#1614,TVD-107:[TC] Paginar listagem de métricas ao atingir número máximo de linhas,19
TVD II,#1614,TVD-105:[TC] Verificar a presença do botão para edição de uma nova métrica,16
TVD II,#1614,TVD-104:[TC] Verificar a presença do botão para criação de uma nova métrica,16
TVD II,#1614,TVD-102:[TC] Verificar a presença de botões de exclusão para cada métrica listada,16
TVD II,#1614,TVD-101:[TC] Verificar a presença do botão para criação de um novo item,16
TVD II,#1614,TVD-100:[TC] Verificar a presença de botões de exclusão para cada item listado,16
TVD II,#1614,TVD-98:[TC] Tentar listar itens utilizando um usuário inativo,24
TVD II,#1614,TVD-97:[SPEC] Validar acesso a lista de Itens por perfis,20
TVD II,#1614,TVD-96:[TC] Listar todas as métricas de um item com sucesso,15
TVD II,#1614,TVD-93:[TC] Listar todos os Itens em tabs com sucesso,15
TVD II,#1614,TVD-95:[TC] Validar nomenclatura das tabs listadas,16
TVD II,#1614,TVD-87:[TC] Paginar listagem de itens ao atingir número máximo de tabs,19
TVD II,#1615,TVD-114:[TC] Tentar criar métricas de avaliação utilizando um usuário inativo,24
TVD II,#1615,TVD-113:[SPEC] Validar acesso a criação de métricas de avaliação por perfis,20
TVD II,#1615,TVD-112:[SPEC] Validar comportamento do campo Descrição Métricas,34
TVD II,#1615,TVD-110:[TC] Criar métrica de avaliação sem informar campos obrigatórios,4
TVD II,#1615,TVD-109:[TC] Criar métrica de avaliação sem possuir um item de avaliação,4
TVD II,#1615,TVD-108:[TC] Criar métricas de avaliação com sucesso,1
TVD II,#1617,TVD-276:[TC] Realizar busca de relatório com sucesso,15
TVD II,#1617,TVD-277:[TC] Tentar pesquisar dispositivos utilizando um usuário inativo,24
TVD II,#1617,TVD-278:[TC] Validar resultado ao buscar relatório pelo nome do usuário,21
TVD II,#1617,TVD-279:[TC] Validar resultado ao buscar relatório pela data,21
TVD II,#1617,TVD-280:[TC] Validar comportamento do sistema para uma busca sem resultados,17
TVD II,#1617,TVD-281:[TC] Validar ação do botão da Lupa,34
TVD II,#1617,TVD-283:[TC] Validar ação ao digitar caracteres no campo Pesquisa com iniciais de dispositivo cadastrado,34
TVD II,#1617,TVD-284:[TC] Validar ação ao digitar caracteres no campo Pesquisa com iniciais de disp. NÃO cadastrados,34
TVD II,#1617,TVD-286:[Spec] Validar acesso a pesquisa de dispositivos por perfis,20
TVD II,#1617,TVD-289:[SPEC] Validações de campo Search,34
TVD II,#1619,"TVD-292:[SPEC] Validações de ação do botão ""Visualizar""",34
TVD II,#1619,TVD-293:[SPEC] Validar dados gerais da tela de visualização,16
TVD II,#1619,TVD-294:[SPEC] Validar tela de Sumário,16
TVD II,#1619,TVD-295:[SPEC] Validar informações detalhadas,16
TVD II,#1618,TVD-275:[SPEC] Filtrar Relatórios informando filtros de datas que não possuam relatórios associados,17
TVD II,#1618,TVD-274:[SPEC] Filtrar Relatórios informando filtros de datas que possuam relatórios associados,17
TVD II,#1618,TVD-282:[TC] Tentar realizar uma pesquisa de relatórios utilizando Data Inicial em formato inválido,44
TVD II,#1618,TVD-285:[TC] Tentar realizar uma pesquisa de relatórios utilizando Data Final em formato inválido,44
TVD II,#1618,TVD-288:[TC] Tentar realizar uma pesquisa de relatórios utilizando a primeira Data disponibilizada,44
TVD II,#1618,TVD-287:[TC] Tentar realizar uma pesquisa de relatórios utilizando a última Data disponibilizada,44
TVD II,#1618,TVD-290:[SPEC] Validar comportamento do campo Data Inicial,34
TVD II,#1618,TVD-291:[SPEC] Validar comportamento do campo Data Final,34
TVD II,#1620,TVD-267: [SPEC] Validar acesso para realizar Download de relatório,20
TVD II,#1620,TVD-266:[SPEC] Realizar download de um relatório de Avaliação,45
TVD II,#1620,TVD-269:[TC] Gerar PDF de relatório com sucesso,46
TVD II,#1620,TVD-270:[TC] Tentar gerar arquivo de Relatório em um formato diferente de PDF,47
TVD II,#1620,TVD-271:[TC] Validar nomenclatura do arquivo PDF gerado,48
TVD II,#1620,TVD-273:[TC] Validar consistência da estrutura do arquivo PDF gerada,16
TVD II,#1627,TVD-334:[SPEC] Editar informações do usuário com sucesso,6
TVD II,#1627,TVD-335:[SPEC] Verificar duplicidade na edição de usuário,7
TVD II,#1627,TVD-336:[TC] Editar usuário deixando todos os campos de texto do formulário em branco,8
TVD II,#1627,TVD-350:[SPEC] Validar comportamento do campo Nome,34
TVD II,#1627,TVD-333:[SPEC] Validar comportamento do campo Email,34
TVD II,#1627,TVD-351:[SPEC] Validar comportamento do campo Perfil,34
TVD II,#1627,TVD-337:[TC] Cancelar edição de usuário com sucesso,10
TVD II,#1627,"TVD-338:[TC] Verificar presença do botão ""Cancelar""",16
TVD II,#1627,TVD-352:[TC] Editar Usuário no App Mobile e verificar sua modificação na Plataforma Web,6
TVD II,#1626,TVD-339:[Spec] Buscar usuários,15
TVD II,#1626,TVD-340:[Spec] Validar acesso ao Search de usuários por perfis,20
TVD II,#1626,TVD-341:[TC] Tentar pesquisar usuários utilizando um usuário inativo,24
TVD II,#1626,TVD-342:[TC] Realizar pesquisa informando caracteres especiais,34
TVD II,#1626,TVD-343:[TC] Realizar pesquisa informando espaços em branco,34
TVD II,#1626,TVD-344:[TC] Pesquisar Usuários informando campo de pesquisa vazio,15
TVD II,#1626,TVD-345:[TC] Pesquisar por Usuário inexistente,17
TVD II,#1626,TVD-346:[TC] Pesquisar por Usuário inativados do sistema,21
TVD II,#1629,TVD-311:[TC] Cadastrar usuário com sucesso,1
TVD II,#1629,TVD-313:[TC] Cadastrar usuário sem informar nenhum campo obrigatório,4
TVD II,#1629,TVD-347:[TC] Cadastrar usuário informando email inválido,43
TVD II,#1629,TVD-314:[SPEC] Verificar duplicidade no cadastro de usuário,3
TVD II,#1629,TVD-315:[SPEC] Criar usuários utilizando diferentes perfis,5
TVD II,#1629,TVD-316:[SPEC] Validar comportamento do campo Nome,34
TVD II,#1629,TVD-317:[SPEC] Validar comportamento do campo Email,34
TVD II,#1629,TVD-319:[SPEC] Validar comportamento do campo Perfil,34
TVD II,#1629,TVD-312:[TC] Cancelar cadastro de usuário com sucesso,1
TVD II,#1629,TVD-348:[TC] Cadastrar Usuário no App Mobile e verificar sua existência na Plataforma Web,6
TVD II,#1629,"TVD-349:[TC] Verificar presença do botão ""Cancelar""",16
TVD II,#1628,TVD-354:[TC] Verificar clique fora da janela de exclusão,34
TVD II,#1628,TVD-353:[TC] Excluir Usuário no App Mobile e verificar sua exclusão na Plataforma Web,34
TVD II,#1628,TVD-320:[TC] Fechar tela de inativação antes de efetuar a ação de desabilitar,26
TVD II,#1628,TVD-321:[TC] Cancelar a inativação de um usuário,10
TVD II,#1628,TVD-322:[TC] Inativar usuário com sucesso,9
TVD II,#1626-2,TVD-326:[TC] Listar todos os usuários com sucesso,15
TVD II,#1626-2,TVD-325:[TC] Validar nomenclatura das colunas listadas,16
TVD II,#1626-2,TVD-328:[SPEC] Validar acesso a lista de usuários por perfis,20
TVD II,#1626-2,TVD-327:[TC] Tentar listar usuários utilizando um usuário inativo,24
TVD II,#1626-2,TVD-323:[TC] Verificar a presença do botão para criação de um novo usuário,16
TVD II,#1626-2,TVD-324:[TC] Verificar a presença de botões de inativação para cada usuário listado,16
TVD II,#1626-2,TVD-329:[TC] Verificar a presença de botões de edição para cada usuário listado,16
TVD II,#1626-2,TVD-330:[TC] Validar que o App Mobile exibe a mesma quantidade de usuários presentes na Plataforma Web,15
TVD II,#1532-1,TVD-411:[TC] Cadastrar tipos de testes,1
TVD II,#1532-1,TVD-413:[TC] Verificar duplicidade no cadastro de um teste já registrado,3
TVD II,#1532-1,TVD-416:[TC] Cadastrar teste sem informar nenhum campo,4
TVD II,#1532-1,TVD-417:[SPEC] Validar controle de acesso para criação de novos testes,20
TVD II,#1532-1,TVD-420:[SPEC] Validar comportamento do campo Nome,34
TVD II,#1532-1,TVD-426:[SPEC] Validar comportamento do campo Descrição,34
TVD II,#1532-1,TVD-427:[SPEC] Validar comportamento do campo Data Inicial,34
TVD II,#1532-1,TVD-428:[SPEC] Validar comportamento do campo Data Final,34
TVD II,#1532-1,"TVD-429:[TC] Validar comportamento do Selectbox ""Nivel de Pesquisa""",34
TVD II,#1532-1,"TVD-434:[TC] Validar comportamento do Selectbox ""Equipamento Usado""",34
TVD II,#1532-1,TVD-435:[TC] Verificar presença do botão Cancelar,16
TVD II,#1532-1,TVD-436:[TC] Cancelar cadastro de teste com sucesso,2
TVD II,#1532-2,TVD-473:[TC] Pesquisar teste com sucesso,15
TVD II,#1532-2,TVD-479:[TC] Pesquisar por teste inexistente,17
TVD II,#1532-2,TVD-474:[Spec] Validar acesso a pesquisa de testes por perfis,20
TVD II,#1532-2,TVD-475:[TC] Tentar pesquisar testes utilizando um usuário inativo,24
TVD II,#1532-2,TVD-476:[TC] Realizar pesquisa informando caracteres especiais,34
TVD II,#1532-2,TVD-477:[TC] Realizar pesquisa informando espaços em branco,34
TVD II,#1532-2,TVD-478:[TC] Pesquisar testes informando campo de pesquisa vazio,34
TVD II,#1532-2,TVD-480:[TC] Pesquisar por testes inativados do sistema,21
TVD II,#1532-3,TVD-441:[TC] Editar tipos de testes,6
TVD II,#1532-3,TVD-442:[TC] Verificar duplicidade na edição do teste,7
TVD II,#1532-3,TVD-443:[TC] Editar teste sem informar nenhum campo,8
TVD II,#1532-3,TVD-444:[SPEC] Validar controle de acesso para edição de testes,20
TVD II,#1532-3,TVD-445:[SPEC] Validar comportamento do campo Nome,34
TVD II,#1532-3,TVD-446:[SPEC] Validar comportamento do campo Descrição,34
TVD II,#1532-3,TVD-447:[SPEC] Validar comportamento do campo Data Inicial,34
TVD II,#1532-3,TVD-448:[SPEC] Validar comportamento do campo Data Final,34
TVD II,#1532-3,"TVD-449:[TC] Validar comportamento do Selectbox ""Nivel de Pesquisa""",34
TVD II,#1532-3,"TVD-458:[TC] Validar comportamento do Selectbox ""Equipamento Usado""",34
TVD II,#1532-3,TVD-451:[TC] Verificar presença do botão Cancelar,16
TVD II,#1532-3,TVD-452:[TC] Cancelar cadastro de teste com sucesso,2
TVD II,#1532-4,TVD-459:[TC] Inativar teste com sucesso,9
TVD II,#1532-4,TVD-460:[TC] Cancelar a inativação de um teste,10
TVD II,#1532-4,TVD-461:[TC] Verificar comportamento ao inativar item,
TVD II,#1532-5,TVD-464:[TC] Listar todas as baterias de testes com sucesso,15
TVD II,#1532-5,TVD-465:[TC] Validar nomenclatura das colunas listadas,16
TVD II,#1532-5,TVD-466:[SPEC] Validar acesso a lista de usuários por perfis,20
TVD II,#1532-5,TVD-467:[TC] Tentar listar testes utilizando um usuário inativo,24
TVD II,#1532-5,TVD-468:[TC] Verificar a presença do botão para criação de um novo teste,16
TVD II,#1532-5,TVD-469:[TC] Verificar a presença de botões de inativação para cada teste listado,16
TVD II,#1532-5,TVD-470:[TC] Verificar a presença de botões de edição para cada teste listado,16
TVD II,#1532-5,TVD-471:[TC] Validar que o App Mobile exibe a mesma quantidade de testes presentes na Plataforma Web,15
TVD II,#1532-5,TVD-472:[TC] Paginar listagem de baterias de testes ao atingir número máximo de linhas,19
TVD II,#1577,TVD-355:[SPEC] Validar acesso de usuário,20
TVD II,#1577,TVD-356:[SPEC] Realizar Login sem informar campos obrigatórios,31
TVD II,#1577,TVD-359:[SPEC] Validar campo Login,34
TVD II,#1577,TVD-360:[SPEC] Validar campo Senha,34
TVD II,#1578,"TVD-366:[TC] Validar presença do botão ""Sair""",16
TVD II,#1578,"TVD-361:[TC] Validar redirecionamento à página de login quando o usuário clicar no botão ""Sair""",35
TVD II,#1578,TVD-362:[TC] Validar se sistema ainda ficará logado caso feche a sessão e abra novamente,36
TVD II,#1578,"TVD-363:[TC] Validar ação do clique no botão ""Sair"" na ausência de conexão com o servidor",37
TVD II,#1564,TVD-485:[TC] Validar presença do scroll na listagem de dispositivos,16
TVD II,#1564,TVD-487:[TC] Validar presença do botão <Realizar Teste> ao selecionar um dispositivo,16
TVD II,#1564,TVD-486:[TC] Validar presença do botão Voltar,16
TVD II,#1564,TVD-488:[TC] Validar seleção de um dispositivo,
TVD II,#1564,TVD-489:[TC] Testar ação do scroll em tela com quantidade de dispositivos inferior a 10,19
TVD II,#1564,TVD-490:[TC] Testar ação do scroll em tela com quantidade de dispositivos superior a 10,19
TVD II,#1564,TVD-491:[TC] Validar comportamento ao listar dispositivos em caso de perda de conexão,37
TVD II,#1564,TVD-492:[TC] Excluir um dispositivo na plataforma Web e testar sincronização da exclusão em Mobile,
TVD II,#1564,TVD-493:[TC] Validar acesso de Perfil não Adm à listagem de Dispositivos,20
AR Tools Web,#11971,Cadastrar com dados inválidos,43
AR Tools Web,#11971,Cadastrar com dados válidos,1
AR Tools Web,#11971,Cadastrar sem estar logado,13
AR Tools Web,#11971,Cadastrar sem permissão,20
AR Tools Web,#11971,Cadastrar sem campos obrigatórios,4
AR Tools Web,#11971,Cadastrar com username existente,3
AR Tools Web,#11971,Cadastrar usuários com papeis diferentes,5
AR Tools Web,#11971,Verificar campo senha e confirmação,39
AR Tools Web,#11971-2,Editar com dados válidos,6
AR Tools Web,#11971-2,Editar com dados inválidos,7
AR Tools Web,#11971-2,Editar sem permissão,20
AR Tools Web,#11971-2,Editar sem estar logado,13
AR Tools Web,#11971-2,Editar sem campos obrigatórios,8
AR Tools Web,#11971-2,Editar com username existente,7
AR Tools Web,#11971-2,Verificar campo senha e confirmação,39
AR Tools Web,#11971-3,Verificar paginação,19
AR Tools Web,#11971-3,Listagem com sucesso,15
AR Tools Web,#11971-3,Verificar presença de campos retornados,16
AR Tools Web,#11971-3,Validar resltado da consulta de usuários,21
AR Tools Web,#11971-3,Validar resltado da consulta de usuários sem dados,17
Gestão da Capacitação,US01,gestao-capacita-5: Primeiro Login do Administrador,28
Gestão da Capacitação,US02,gestao-capacita-6: Alteração de Senha do Administrador,6
Gestão da Capacitação,US03,gestao-capacita-7: Recuperação de senha de administrador,30
Gestão da Capacitação,US04,gestao-capacita-8: Criação de Contrato,1
Gestão da Capacitação,US04,gestao-capacita-9:Criaçao de Contrato apenas com Campos Obrigatorios,1
Gestão da Capacitação,US04,Criação de Contrato campos inválidos,43
Gestão da Capacitação,US04,Criação de contrato sem autenticação,13
Gestão da Capacitação,US04,Criação de contrato sem autorização,20
Gestão da Capacitação,US05,gestao-capacita-10: Criação de Gestor,1
Gestão da Capacitação,US05,Criação de gestor campos obrigatórios não preenchidos,4
Gestão da Capacitação,US05,Criação de gestor campos inválidos,43
Gestão da Capacitação,US05,Criação de gestor sem autenticação,13
Gestão da Capacitação,US05,Criação de gestor sem autorização,20
Gestão da Capacitação,US06,gestao-capacita-11: Exclusão de Conta de Gestor,12
Gestão da Capacitação,US06,Exclusão de conta de gestor sem autenticação,13
Gestão da Capacitação,US06,Exclusão de conta de gestor sem autorização,20
Gestão da Capacitação,US07,Expandir informações de um gestro cadastrado,22
Gestão da Capacitação,US07,Expandir informações de um gestro cadastrado sem autorização,13
Gestão da Capacitação,US07,Expandir informações de um gestro cadastrado sem autenticação,20
Gestão da Capacitação,US08,gestao-capacita-13: Ordenação de Gestores,21
Gestão da Capacitação,US08,gestao-capacita-13: Ordenação de Gestores - Sem autenticação,13
Gestão da Capacitação,US08,gestao-capacita-13: Ordenação de Gestores - Sem autorização,20
Gestão da Capacitação,US09,gestao-capacita-14: Fazer logout,35
Gestão da Capacitação,US10,gestao-capacita-15: Criação de Conta de Coach,1
Gestão da Capacitação,US10,gestao-capacita-15: Criação de Conta de Coach - Campos Obrigatórios,4
Gestão da Capacitação,US10,gestao-capacita-15: Criação de Conta de Coach - Campos Inválidos,43
Gestão da Capacitação,US10,gestao-capacita-15: Criação de Conta de Coach - Sem Autenticação,13
Gestão da Capacitação,US10,gestao-capacita-15: Criação de Conta de Coach - Sem Autorização,20
Gestão da Capacitação,US13,gestao-capacita-17: Ordenar lista de coaches cadastrados,21
Gestão da Capacitação,US13,gestao-capacita-17: Ordenar lista de coaches cadastrados - Sem dados,17
Gestão da Capacitação,US13,gestao-capacita-17: Ordenar lista de coaches cadastrados - Sem autenticação,13
Gestão da Capacitação,US13,gestao-capacita-17: Ordenar lista de coaches cadastrados - Sem autorização,20
Gestão da Capacitação,US14,gestao-capacita-18: Criação de Conta de Aluno,1
Gestão da Capacitação,US15,gestao-capacita-19: Exclusão de Conta de Aluno,12
Gestão da Capacitação,US16,gestao-capacita-20: Expansão das Informações de Aluno,22
Gestão da Capacitação,US16,gestao-capacita-20: Expansão das Informações de Aluno - Sem dados,17
Gestão da Capacitação,US16,gestao-capacita-20: Expansão das Informações de Aluno - Sem autenticação,13
Gestão da Capacitação,US16,gestao-capacita-20: Expansão das Informações de Aluno - Sem autorização,20
Gestão da Capacitação,US17,Ordenar lista de alunos cadastrados,21
Gestão da Capacitação,US17,Ordenar lista de alunos cadastrados - Sem autenticação,13
Gestão da Capacitação,US17,Ordenar lista de alunos cadastrados - Sem autorização,20
Gestão da Capacitação,US18,gestao-capacita-22: Criação de Equipe,1
Gestão da Capacitação,US18,gestao-capacita-22: Criação de Equipe - Campos obrigatórios,4
Gestão da Capacitação,US18,gestao-capacita-22: Criação de Equipe - Campos inválidos,43
Gestão da Capacitação,US18,gestao-capacita-22: Criação de Equipe - Sem autenticação,13
Gestão da Capacitação,US18,gestao-capacita-22: Criação de Equipe - Sem autorização,20
Gestão da Capacitação,US19,"gestao-capacita-23: Atualização de Dados,",6
Gestão da Capacitação,US20,gestao-capacita-24: Cadastro de Horarios,1
Gestão da Capacitação,US20,gestao-capacita-24: Cadastro de Horarios - Sem campos obrigatórios,4
Gestão da Capacitação,US20,"gestao-capacita-37: Cadastrar horários, com menos de duas horas diárias, na agenda.",49
Gestão da Capacitação,US20,"gestao-capacita-38: Cadastrar horários, com mais de quatro horas diárias, na agenda.",49
Gestão da Capacitação,US20,"gestao-capacita-39: Cadastrar horários, com menos de vintes horas semanais, na agenda.",49
Gestão da Capacitação,US20,"gestao-capacita-40: Cadastrar horários, com mais de vintes horas semanais, na agenda.",49
Gestão da Capacitação,US21,gestao-capacita-25: Visualização de Horarios da Equipe,15
Gestão da Capacitação,US21,gestao-capacita-25: Visualização de Horarios da Equipe - Sem dados,17
Gestão da Capacitação,US21,gestao-capacita-25: Visualização de Horarios da Equipe - Sem autenticação,13
Gestão da Capacitação,US21,gestao-capacita-25: Visualização de Horarios da Equipe - Sem autorização,20
Gestão da Capacitação,US22,gestao-capacita-26: Registro de Atividade de Teste,1
Gestão da Capacitação,US22,gestao-capacita-27: Registro de Atividade de Desenvolvimento,1
Gestão da Capacitação,US23,gestao-capacita-28: Revisar atividade de Teste,6
Gestão da Capacitação,US24,gestao-capacita-28: Revisar atividade de Teste,6
Gestão da Capacitação,US25,gestao-capacita-29: Desalocar Alunos da Equipe - Sem autenticação,13
Gestão da Capacitação,US25,gestao-capacita-29: Desalocar Alunos da Equipe - Sem autorização,20
Gestão da Capacitação,US25,gestao-capacita-29: Desalocar Alunos da Equipe,6
Gestão da Capacitação,US26,gestao-capacita-30: Buscas por Usuários,15
Gestão da Capacitação,US27,gestao-capacita-30: Buscas por Usuários,15
Gestão da Capacitação,US28,gestao-capacita-30: Buscas por Usuários,15
Gestão da Capacitação,US28,gestao-capacita-30: Buscas por Usuários - Sem autenticação,13
Gestão da Capacitação,US28,gestao-capacita-30: Buscas por Usuários - Sem autorização,20
Gestão da Capacitação,US29,gestao-capacita-25: Visualização de Horarios da Equipe,15
Gestão da Capacitação,US29,gestao-capacita-25: Visualização de Horarios da Equipe - Sem dados,17
Gestão da Capacitação,US29,gestao-capacita-25: Visualização de Horarios da Equipe - Sem autenticação,13
Gestão da Capacitação,US29,gestao-capacita-25: Visualização de Horarios da Equipe - Sem autorização,20
Gestão da Capacitação,US30,gestao-capacita-30: Buscas por Usuários,15
Gestão da Capacitação,US35,gestao-capacita-24:Cadastro de Horarios,1
Gestão da Capacitação,US35,"gestao-capacita-37:Cadastrar horários, com menos de duas horas diárias, na agenda.",49
Gestão da Capacitação,US35,"gestao-capacita-38:Cadastrar horários, com mais de quatro horas diárias, na agenda.",49
Gestão da Capacitação,US35,"gestao-capacita-39:Cadastrar horários, com menos de vintes horas semanais, na agenda.",49
Gestão da Capacitação,US35,"gestao-capacita-40:Cadastrar horários, com mais de vintes horas semanais, na agenda.",49
Gestão da Capacitação,US35,"gestao-capacita-68:Cadastrar horários irregulares, com permissão do coach",1
Gestão da Capacitação,US36,gestao-capacita-22: Criação de Equipe,1
Gestão da Capacitação,US36,gestao-capacita-69: Listagem de Equipes,15
Gestão da Capacitação,US39,gestao-capacita-41: Atualizar nome de usuários contendo números.,34
Gestão da Capacitação,US39,gestao-capacita-42: Atualizar nome de usuários contendo caracteres especiais.,34
Gestão da Capacitação,US39,gestao-capacita-43: Atualizar cpf de usuários menos de onze números.,34
Gestão da Capacitação,US39,gestao-capacita-44: Atualizar cpf de usuários contendo letras.,34
Gestão da Capacitação,US39,gestao-capacita-45: Atualizar cpf de usuários contendo caracteres especiais.,34
Gestão da Capacitação,US39,gestao-capacita-57: Atualizar RG com menos de sete números.,34
Gestão da Capacitação,US39,gestao-capacita-58: Atualizar data de nascimento de usuários para menos de 16 anos.,34
Gestão da Capacitação,US39,gestao-capacita-59: Salvar sem selecionar perído.,4
Gestão da Capacitação,US39,gestao-capacita-60: Salvar sem selecionar um curso.,4
Gestão da Capacitação,US39,gestao-capacita-61: Atualizar CRA para um valor maior que dez,34
Gestão da Capacitação,US39,gestao-capacita-62: Atualizar CRA para um valor menor que zero.,34
Gestão da Capacitação,US39,gestao-capacita-63: Atualizar dados de conclusão contendo letras.,34
Gestão da Capacitação,US39,gestao-capacita-64: Atualizar dados de conclusão contendo caracteres especiais.,34
Gestão da Capacitação,US39,gestao-capacita-65: Atualizar dados do histórico acadêmico com arquivos em outros formatos.,34
Gestão da Capacitação,US39,gestao-capacita-66: Atualizar CRA com mais de duas casas após a vírgula,34
Gestão da Capacitação,US39,gestao-capacita-67: Atualizar CRA com símbolo de menos,34
Kaizen,#9,kaizen-59:Cadastrar usuário com permissão Básica,1
Kaizen,#9,kaizen-2:Cadastro de usuário válido,1
Kaizen,#9,kaizen-66:Cadastro de Usuário válido,1
Kaizen,#9,kaizen-60:Cadastrar usuário com permissão Administrador,1
Kaizen,#9,kaizen-61:Cadastrar usuário sem permissão,1
Kaizen,#12,kaizen-20:Criar um Projeto válido,1
Kaizen,#12,kaizen-78:Adicionar foto ao projeto,6
Kaizen,#12,kaizen-79:Adicionar descrição ao projeto,6
Kaizen,#14,kaizen-30:Editar um Projeto corretamente,6
Kaizen,#14,kaizen-97:Alterar foto do projeto,6
Kaizen,#14,kaizen-98:Editar descrição do projeto,6
Kaizen,#16,kaizen-34:Criar uma Sprint válida,1
Kaizen,#22,kaizen-42: Cadastrar um Ponto Positivo válido,1
Kaizen,#22,kaizen-43: Cadastrar um Ponto Negativo válido,1
Kaizen,#22,kaizen-46: Criar uma Sugestão válida,1
Kaizen,#22,kaizen-48: Editar um Ponto Positivo,6
Kaizen,#22,kaizen-101: Editar um Ponto Negativo,6
Kaizen,#22,kaizen-102: Editar uma Sugestão,6
Kaizen,#22,kaizen-112: Deletar uma Sugestão,12
Kaizen,#22,kaizen-110: Deletar um Ponto Positivo,12
Kaizen,#22,kaizen-111: Deletar um Ponto Negativo,12
Kaizen,#24,kaizen-49: Adicionar impedimento,6
Kaizen,#24,kaizen-51: Excluir impedimento (ScrumMaster),12
Kaizen,#24,kaizen-52: Excluir impedimento (Criador),12
Kaizen,#24,kaizen-54: Alocar impedimento,6
Kaizen,#24,kaizen-56: Desalocar impedimento,6
Kaizen,#24,kaizen-76: Excluir impedimento (desenvolvedor),12
Kaizen,#24,kaizen-100: Mover impedimentos entre os quadros,6
NewPCS,#14941,Inserir Product com sucesso,1
NewPCS,#14941,Inserir Product com valores inválidos,43
NewPCS,#14941-3,Remover Product através do Protheus,12
NewPCS,#14941-2,Modificar um Product com sucesso,6
NewPCS,#14941-2,Modificar um Product com valores inválidos,44
NewPCS,#14329,Inserir registro com sucesso,1
NewPCS,#14329,Cancelar inserção,2
NewPCS,#14329,Inserir registro com um valor já existente,3
NewPCS,#14329,Campos Obrigatórios Vazios,4
NewPCS,#14329,Limite de caracteres para a inserção,34
NewPCS,#14329-3,Modificar um registro com sucesso,6
NewPCS,#14329,Cancelar a modificação,10
NewPCS,#14329-3,Campos obrigatórios vazios,8
NewPCS,#14329-3,Limite de caracteres para a modificação,34
NewPCS,#14329-2,Remover registro com sucesso,12
NewPCS,#14329,Cancelar registro com sucesso,2
NewPCS,#14329,Atualizar Formulário,6
NewPCS,#14315-2,Remover registro com sucesso,12
NewPCS,#14315,Cancelar registro com sucesso,2
NewPCS,#14315-3,Modificar um registro com sucesso,6
NewPCS,#14315,Cancelar a modificação,10
NewPCS,#14315-3,Limite de caracteres,34
NewPCS,#14315-3,Campos obrigatórios vazios,8
NewPCS,#14315,Inserir registro com sucesso,1
NewPCS,#14315,Cancelar inserção,2
NewPCS,#14315,Inserir registro com um valor já existente,3
NewPCS,#14315,Campos Obrigatórios Vazios,4
NewPCS,#14315,Limite de caracteres para a inserção,34
ARTools,#11972,#4112 - Cadastro de perfil com dados inválidos,43
ARTools,#11972,Cadastro de perfil com sucesso,1
ARTools,#11972,Cadastro de perfil com identificador existente,3
ARTools,#11972,Cadatro de perfil com campos obrigatórios não preenchidos,4
ARTools,#11972,Cancelar cadastro de peril com sucesso,2
ARTools,#11972-2,#4205 - Editar perfil com dados inválidos,44
ARTools,#11972-2,#4210 - Editar perfil com dados válidos,6
ARTools,#11972-2,Editar perfil modificando para um valor existente,7
ARTools,#11972-2,Editar perfil sem campos obrigatórios,8
ARTools,#11972-2,Cancelar edição do perfil,10
ARTools,#11972-2,Verificar se todos os dados do perfil estão sendo exibidos,22
ARTools,#11972-2,Verificar inserção de link para perfil inexistente,23
ARTools,#11972-2,#4443 - Listagem de Perfis - botões ativar/desativar,15
ARTools,#11972-3,#4438 - Paginação de perfis - avançar páginas,19
ARTools,#11972-3,#4440 - Paginação de perfis - voltar páginas,19
ARTools,#11972-3,#4448 - Listagem de Perfis - Layout,16
ARTools,#11972-3,#4129 - Paginação de perfis - única página,19
ARTools,#11973,#4742 - Permissões,20
ARTools,#11973-3,#4430 - Paginação de Permissões - avançar páginas,19
ARTools,#11973-3,#4431 - Paginação de Permissões - voltar páginas,19
ARTools,#11973-3,#4132 - Paginação de Permissões - única página,19
ARTools,#11983-2,#5131 - Listagem de Planos SLA - layout,16
ARTools,#11983-4,#5133 - Listagem de Planos SLA - botões ativar/desativar,34
ARTools,#11983,#5134 - Cadastro de planos SLA com dados válidos,1
ARTools,#11983,#5142 - Cadastro de planos SLA com dados inválidos,43
ARTools,#11983,#5144 - Cadastro de planos SLA com dados inválidos - Regra de Negócio,49
ARTools,#11983,Cancelar cadastro de SLA com sucesso,2
ARTools,#11983,Cadastrar SLA sem campos obrigatórios preenchidos,4
ARTools,#11983-3,#5148 - Editar plano SLA com dados válidos,6
ARTools,#11983-3,#5149 - Editar plano SLA com dados inválidos,44
ARTools,#11983-3,Editar entidade deixando os campos obrigatórios do formulário em branco,8
ARTools,#11983-3,Cancelar edição da SLA com sucesso,10
ARTools,#11983-3,Verificar se todos os dados da SLA estão sendo exibidos,22
ARTools,#11983-3,Verificar inserção de link de SLAinexistente,23
ARTools,#11983-2,#5359 - Visualizar Planos SLA,15
ARTools,#11983-3,#18240 - Restrições no cadastro de um plano de SLA,49
ARTools,#11983-3,#18241 - Restrições na edição de um plano SLA,50
ARTools,#11984,#4981 - Cadastro de filas de atendimento com dados válidos,1
ARTools,#11984,#5003 - Cadastro de filas de atendimento com dados inválidos,43
ARTools,#11984,#5009 - Formulário de cadastro de filas,4
ARTools,#11984-3,#5024 - Edição de filas com dados válidos,6
ARTools,#11984-3,#5032 - Editar filas de atendimento com dados inválidos,44
ARTools,#11984-3,#5039 - Formulário de edição de filas,8
ARTools,#11984-3,Cancelar edição da fila com sucesso,10
ARTools,#11984-3,Verificar se todos os dados da fila estão sendo exibidos,22
ARTools,#11984-3,Verificar inserção de link de fila inexistente,23
ARTools,#11984-2,#5053 - Listagem de filas de atendimento,15
ARTools,#11984-4,#5058 - Ativar/Desativar fila de atendimento,6
ARTools,#11984-2,#5061 - Paginação de filas - avançar páginas,19
ARTools,#11984-2,#5067 - Paginação de filas - voltar páginas,19
ARTools,#11984-2,#5074 - Paginação de filas - única página,19
ARTools,#11984-2,#5356 - Visualizar fila de atendimento,51
ARTools,#11984-2,Validar resultado da consulta da fila sem dados,17
ARTools,#12216-2,#4968 - Listagem de Produtos - botões,15
ARTools,#12216-2,#4970 - Paginação de Produtos - avançar páginas,19
ARTools,#12216-2,#4971 - Paginação de Produtos - voltar páginas,19
ARTools,#12216-2,#4972 - Paginação de Produtos - única página,19
ARTools,#12216-2,#4973 - Listagem de Produtos - layout,16
ARTools,#12216-2,Validar resultado da consulta de produtos sem dados,17
ARTools,#12216,#5035 - Cadastro de produtos com dados válidos,1
ARTools,#12216,#5051 - Cadastro de produtos com dados inválidos,43
ARTools,#12216,Cancelar cadastro de produto com sucesso,2
ARTools,#12216,Cadastrar produto sem campos obrigatórios preenchidos,4
ARTools,#12216-2,#5064 - Listagem de Produtos - botões ativar/desativar,15
ARTools,#12216-3,#5093 - Editar produto com dados válidos,6
ARTools,#12216-3,#5102 - Editar produto com dados inválidos,44
ARTools,#12216-2,#5363 - Visualizar Produtos,51
ARTools,#12216-3,#18187 - Restrições na edição de produto,50
ARTools,#12216-2,#18206 - Filtrar produtos,21
ARTools,#12216-2,Validar resultado da consulta de produtos sem dados,17
ARTools,#12216-2,Verificar paginação,19
ARTools,#12216-3,Editar entidade deixando os campos obrigatórios do formulário em branco,8
ARTools,#12216-3,Cancelar edição do produto com sucesso,10
ARTools,#12216-3,Verificar se todos os dados do produto estão sendo exibidos,22
ARTools,#12216-3,Verificar inserção de link do produto inexistente,23